bin_id,zone,location_type,latitude,longitude,capacity_liters,waste_stream,sensor_provider
BIN_001,Central Campus,academic,42.278548,-83.740072,180,recycling,synthetic_flux_simulator
BIN_002,Central Campus,academic,42.274488,-83.740544,360,recycling,synthetic_flux_simulator
BIN_003,Central Campus,academic,42.277431,-83.738230,360,landfill,synthetic_flux_simulator
BIN_004,Central Campus,academic,42.279400,-83.738081,180,recycling,synthetic_flux_simulator
BIN_005,Central Campus,academic,42.278842,-83.739747,120,landfill,synthetic_flux_simulator
BIN_006,Central Campus,academic,42.279581,-83.738290,240,recycling,synthetic_flux_simulator
BIN_007,Central Campus,academic,42.276774,-83.735999,180,recycling,synthetic_flux_simulator
BIN_008,Central Campus,academic,42.277366,-83.737242,360,landfill,synthetic_flux_simulator
BIN_009,Michigan Stadium,stadium,42.266643,-83.747925,360,compost,synthetic_flux_simulator
BIN_010,Michigan Stadium,stadium,42.264978,-83.750165,240,landfill,synthetic_flux_simulator
BIN_011,Michigan Stadium,stadium,42.267932,-83.748905,240,landfill,synthetic_flux_simulator
BIN_012,Michigan Stadium,stadium,42.267071,-83.747362,180,recycling,synthetic_flux_simulator
BIN_013,Michigan Stadium,stadium,42.263792,-83.747722,360,recycling,synthetic_flux_simulator
BIN_014,Michigan Stadium,stadium,42.266110,-83.748306,360,recycling,synthetic_flux_simulator
BIN_015,Michigan Stadium,stadium,42.266302,-83.747478,360,recycling,synthetic_flux_simulator
BIN_016,Michigan Stadium,stadium,42.267036,-83.751323,120,recycling,synthetic_flux_simulator
BIN_017,South/West Quad,residential,42.274153,-83.742150,120,landfill,synthetic_flux_simulator
BIN_018,South/West Quad,residential,42.273442,-83.739257,120,recycling,synthetic_flux_simulator
BIN_019,South/West Quad,residential,42.274397,-83.740707,240,recycling,synthetic_flux_simulator
BIN_020,South/West Quad,residential,42.276428,-83.741628,240,landfill,synthetic_flux_simulator
BIN_021,South/West Quad,residential,42.276544,-83.741344,360,landfill,synthetic_flux_simulator
BIN_022,South/West Quad,residential,42.273345,-83.740105,360,landfill,synthetic_flux_simulator
BIN_023,Dining,dining,42.277243,-83.740269,240,recycling,synthetic_flux_simulator
BIN_024,Dining,dining,42.275443,-83.738678,360,landfill,synthetic_flux_simulator
BIN_025,Dining,dining,42.275347,-83.740187,360,landfill,synthetic_flux_simulator
BIN_026,Dining,dining,42.275155,-83.739478,240,landfill,synthetic_flux_simulator
BIN_027,Dining,dining,42.276804,-83.738302,120,landfill,synthetic_flux_simulator
BIN_028,North Campus,academic,42.291857,-83.719037,180,landfill,synthetic_flux_simulator
BIN_029,North Campus,academic,42.289619,-83.717795,180,recycling,synthetic_flux_simulator
BIN_030,North Campus,academic,42.291319,-83.713661,360,recycling,synthetic_flux_simulator
BIN_031,North Campus,academic,42.293328,-83.717681,240,landfill,synthetic_flux_simulator
BIN_032,North Campus,academic,42.291390,-83.714487,180,landfill,synthetic_flux_simulator
BIN_033,North Campus,academic,42.292782,-83.715572,240,compost,synthetic_flux_simulator
BIN_034,Library,library,42.276930,-83.738653,120,landfill,synthetic_flux_simulator
BIN_035,Library,library,42.276839,-83.734817,120,landfill,synthetic_flux_simulator
BIN_036,Library,library,42.277123,-83.737304,240,landfill,synthetic_flux_simulator