timestamp,bin_id,fill_pct,fill_rate_pct_per_hour,collection_event
2026-09-28T19:00,BIN_001,45,0.4,0
2026-09-28T19:00,BIN_002,55,0.5,0
2026-09-28T19:00,BIN_003,92,0.8,0
2026-09-28T19:00,BIN_004,40,0.4,0
2026-09-28T19:00,BIN_005,88,0.8,0
2026-09-28T19:00,BIN_006,52,0.5,0
2026-09-28T19:00,BIN_007,45,0.4,0
2026-09-28T19:00,BIN_008,86,0.8,0
2026-09-28T19:00,BIN_009,48,0.4,0
2026-09-28T19:00,BIN_010,44,0.4,0
2026-09-28T19:00,BIN_011,51,0.5,0
2026-09-28T19:00,BIN_012,47,0.4,0
2026-09-28T19:00,BIN_013,40,0.4,0
2026-09-28T19:00,BIN_014,45,0.4,0
2026-09-28T19:00,BIN_015,50,0.5,0
2026-09-28T19:00,BIN_016,42,0.4,0
2026-09-28T19:00,BIN_017,45,0.4,0
2026-09-28T19:00,BIN_018,90,0.8,0
2026-09-28T19:00,BIN_019,88,0.8,0
2026-09-28T19:00,BIN_020,91,0.8,0
2026-09-28T19:00,BIN_021,43,0.4,0
2026-09-28T19:00,BIN_022,49,0.4,0
2026-09-28T19:00,BIN_023,54,0.5,0
2026-09-28T19:00,BIN_024,93,0.8,0
2026-09-28T19:00,BIN_025,87,0.8,0
2026-09-28T19:00,BIN_026,89,0.8,0
2026-09-28T19:00,BIN_027,46,0.4,0
2026-09-28T19:00,BIN_028,84,0.8,0
2026-09-28T19:00,BIN_029,86,0.8,0
2026-09-28T19:00,BIN_030,47,0.4,0
2026-09-28T19:00,BIN_031,45,0.4,0
2026-09-28T19:00,BIN_032,52,0.5,0
2026-09-28T19:00,BIN_033,42,0.4,0
2026-09-28T19:00,BIN_034,88,0.8,0
2026-09-28T19:00,BIN_035,91,0.8,0
2026-09-28T19:00,BIN_036,50,0.5,0
2026-09-29T19:00,BIN_001,42,0.4,0
2026-09-29T19:00,BIN_002,48,0.4,0
2026-09-29T19:00,BIN_003,55,0.5,0
2026-09-29T19:00,BIN_004,91,0.8,0
2026-09-29T19:00,BIN_005,45,0.4,0
2026-09-29T19:00,BIN_006,87,0.8,0
2026-09-29T19:00,BIN_007,90,0.8,0
2026-09-29T19:00,BIN_008,50,0.5,0
2026-09-29T19:00,BIN_009,47,0.4,0
2026-09-29T19:00,BIN_010,45,0.4,0
2026-09-29T19:00,BIN_011,49,0.4,0
2026-09-29T19:00,BIN_012,46,0.4,0
2026-09-29T19:00,BIN_013,43,0.4,0
2026-09-29T19:00,BIN_014,48,0.4,0
2026-09-29T19:00,BIN_015,51,0.5,0
2026-09-29T19:00,BIN_016,44,0.4,0
2026-09-29T19:00,BIN_017,47,0.4,0
2026-09-29T19:00,BIN_018,45,0.4,0
2026-09-29T19:00,BIN_019,48,0.4,0
2026-09-29T19:00,BIN_020,52,0.5,0
2026-09-29T19:00,BIN_021,92,0.8,0
2026-09-29T19:00,BIN_022,46,0.4,0
2026-09-29T19:00,BIN_023,86,0.8,0
2026-09-29T19:00,BIN_024,49,0.4,0
2026-09-29T19:00,BIN_025,47,0.4,0
2026-09-29T19:00,BIN_026,50,0.5,0
2026-09-29T19:00,BIN_027,88,0.8,0
2026-09-29T19:00,BIN_028,91,0.8,0
2026-09-29T19:00,BIN_029,89,0.8,0
2026-09-29T19:00,BIN_030,42,0.4,0
2026-09-29T19:00,BIN_031,44,0.4,0
2026-09-29T19:00,BIN_032,50,0.5,0
2026-09-29T19:00,BIN_033,45,0.4,0
2026-09-29T19:00,BIN_034,48,0.4,0
2026-09-29T19:00,BIN_035,52,0.5,0
2026-09-29T19:00,BIN_036,47,0.4,0
2026-09-30T19:00,BIN_001,91,0.8,0
2026-09-30T19:00,BIN_002,88,0.8,0
2026-09-30T19:00,BIN_003,94,0.8,0
2026-09-30T19:00,BIN_004,45,0.4,0
2026-09-30T19:00,BIN_005,50,0.5,0
2026-09-30T19:00,BIN_006,43,0.4,0
2026-09-30T19:00,BIN_007,48,0.4,0
2026-09-30T19:00,BIN_008,84,0.8,0
2026-09-30T19:00,BIN_009,47,0.4,0
2026-09-30T19:00,BIN_010,89,0.8,0
2026-09-30T19:00,BIN_011,86,0.8,0
2026-09-30T19:00,BIN_012,91,0.8,0
2026-09-30T19:00,BIN_013,87,0.8,0
2026-09-30T19:00,BIN_014,92,0.8,0
2026-09-30T19:00,BIN_015,49,0.4,0
2026-09-30T19:00,BIN_016,46,0.4,0
2026-09-30T19:00,BIN_017,48,0.4,0
2026-09-30T19:00,BIN_018,51,0.5,0
2026-09-30T19:00,BIN_019,49,0.4,0
2026-09-30T19:00,BIN_020,47,0.4,0
2026-09-30T19:00,BIN_021,45,0.4,0
2026-09-30T19:00,BIN_022,44,0.4,0
2026-09-30T19:00,BIN_023,50,0.5,0
2026-09-30T19:00,BIN_024,52,0.5,0
2026-09-30T19:00,BIN_025,46,0.4,0
2026-09-30T19:00,BIN_026,49,0.4,0
2026-09-30T19:00,BIN_027,43,0.4,0
2026-09-30T19:00,BIN_028,45,0.4,0
2026-09-30T19:00,BIN_029,48,0.4,0
2026-09-30T19:00,BIN_030,50,0.5,0
2026-09-30T19:00,BIN_031,42,0.4,0
2026-09-30T19:00,BIN_032,46,0.4,0
2026-09-30T19:00,BIN_033,44,0.4,0
2026-09-30T19:00,BIN_034,49,0.4,0
2026-09-30T19:00,BIN_035,47,0.4,0
2026-09-30T19:00,BIN_036,52,0.5,0
2026-10-01T19:00,BIN_001,45,0.4,0
2026-10-01T19:00,BIN_002,49,0.4,0
2026-10-01T19:00,BIN_003,52,0.5,0
2026-10-01T19:00,BIN_004,44,0.4,0
2026-10-01T19:00,BIN_005,48,0.4,0
2026-10-01T19:00,BIN_006,43,0.4,0
2026-10-01T19:00,BIN_007,50,0.5,0
2026-10-01T19:00,BIN_008,46,0.4,0
2026-10-01T19:00,BIN_009,51,0.5,0
2026-10-01T19:00,BIN_010,47,0.4,0
2026-10-01T19:00,BIN_011,49,0.4,0
2026-10-01T19:00,BIN_012,45,0.4,0
2026-10-01T19:00,BIN_013,42,0.4,0
2026-10-01T19:00,BIN_014,48,0.4,0
2026-10-01T19:00,BIN_015,50,0.5,0
2026-10-01T19:00,BIN_016,43,0.4,0
2026-10-01T19:00,BIN_017,90,0.8,0
2026-10-01T19:00,BIN_018,92,0.8,0
2026-10-01T19:00,BIN_019,89,0.8,0
2026-10-01T19:00,BIN_020,91,0.8,0
2026-10-01T19:00,BIN_021,88,0.8,0
2026-10-01T19:00,BIN_022,86,0.8,0
2026-10-01T19:00,BIN_023,47,0.4,0
2026-10-01T19:00,BIN_024,51,0.5,0
2026-10-01T19:00,BIN_025,46,0.4,0
2026-10-01T19:00,BIN_026,49,0.4,0
2026-10-01T19:00,BIN_027,44,0.4,0
2026-10-01T19:00,BIN_028,42,0.4,0
2026-10-01T19:00,BIN_029,48,0.4,0
2026-10-01T19:00,BIN_030,45,0.4,0
2026-10-01T19:00,BIN_031,43,0.4,0
2026-10-01T19:00,BIN_032,47,0.4,0
2026-10-01T19:00,BIN_033,50,0.5,0
2026-10-01T19:00,BIN_034,93,0.8,0
2026-10-01T19:00,BIN_035,90,0.8,0
2026-10-01T19:00,BIN_036,46,0.4,0
2026-10-02T19:00,BIN_001,44,0.4,0
2026-10-02T19:00,BIN_002,48,0.4,0
2026-10-02T19:00,BIN_003,51,0.5,0
2026-10-02T19:00,BIN_004,45,0.4,0
2026-10-02T19:00,BIN_005,47,0.4,0
2026-10-02T19:00,BIN_006,43,0.4,0
2026-10-02T19:00,BIN_007,50,0.5,0
2026-10-02T19:00,BIN_008,46,0.4,0
2026-10-02T19:00,BIN_009,52,0.5,0
2026-10-02T19:00,BIN_010,48,0.4,0
2026-10-02T19:00,BIN_011,44,0.4,0
2026-10-02T19:00,BIN_012,49,0.4,0
2026-10-02T19:00,BIN_013,46,0.4,0
2026-10-02T19:00,BIN_014,42,0.4,0
2026-10-02T19:00,BIN_015,50,0.5,0
2026-10-02T19:00,BIN_016,45,0.4,0
2026-10-02T19:00,BIN_017,47,0.4,0
2026-10-02T19:00,BIN_018,49,0.4,0
2026-10-02T19:00,BIN_019,46,0.4,0
2026-10-02T19:00,BIN_020,51,0.5,0
2026-10-02T19:00,BIN_021,45,0.4,0
2026-10-02T19:00,BIN_022,48,0.4,0
2026-10-02T19:00,BIN_023,50,0.5,0
2026-10-02T19:00,BIN_024,92,0.8,0
2026-10-02T19:00,BIN_025,90,0.8,0
2026-10-02T19:00,BIN_026,88,0.8,0
2026-10-02T19:00,BIN_027,91,0.8,0
2026-10-02T19:00,BIN_028,44,0.4,0
2026-10-02T19:00,BIN_029,47,0.4,0
2026-10-02T19:00,BIN_030,87,0.8,0
2026-10-02T19:00,BIN_031,89,0.8,0
2026-10-02T19:00,BIN_032,93,0.8,0
2026-10-02T19:00,BIN_033,86,0.8,0
2026-10-02T19:00,BIN_034,49,0.4,0
2026-10-02T19:00,BIN_035,45,0.4,0
2026-10-02T19:00,BIN_036,52,0.5,0